app,limit,trial,wall,user,system,rchar,wchar,syscr,syscw,read_bytes,write_bytes,cancelled_write_bytes,cpu_percent,alarm_bytes,alarm_rows
alh,2000,0,10.010312932019588,0.13,0.19,2400,2656654,10,21818,0,0,0,3.1967032616575732,246000,2000
qtalh,2000,0,10.009683309996035,1.06,2.1500000000000004,196,4994892,25,40368,0,82268160,82268160,32.06894664483918,246000,2000
qtalh,2000,1,10.009794332989259,1.0100000000000002,2.16,204,5015812,26,40541,0,82857984,82612224,31.66898234414905,246000,2000
alh,2000,1,10.007991833990673,0.09999999999999999,0.21000000000000002,2400,2536360,10,20840,0,0,0,3.097524509833537,246000,2000
alh,2000,2,10.00890004800749,0.13,0.18,2400,2536360,10,20840,0,0,0,3.097243438470673,246000,2000
qtalh,2000,2,10.009451817022637,1.0,2.2,204,5045815,26,40782,0,83099648,83099648,31.96978274632283,246000,2000
alh,0,0,10.009585912979674,0.12,0.16999999999999998,0,2539532,0,20821,0,2457600,0,2.8972227474859866,3198000,26000
qtalh,0,0,10.009222174994648,0.32999999999999996,0.27,164,2464240,21,20170,0,2457600,0,5.994471793212252,3198000,26000
qtalh,0,1,10.005925527977524,0.24999999999999994,0.2,164,2464240,21,20170,0,2457600,0,4.497335091509095,3198000,26000
alh,0,1,10.000849523989018,0.13,0.21000000000000002,0,2536412,0,20841,0,2457600,0,3.3997111863791436,3198000,26000
alh,0,2,10.010338827007217,0.13,0.16999999999999998,0,2536412,0,20841,0,2457600,0,2.996901555326182,3198000,26000
qtalh,0,2,10.010424885025714,0.26999999999999996,0.19,164,2464240,21,20170,0,2457600,0,4.595209546880471,3075000,25000
